detector,nfeatures,upscale_factor,num_visual_words,training_subset_size,svm_kernel,svm_C,svm_gamma,mAP,test_accuracy,training_time
SIFT,500,4,1500,0.3,rbf,1.0,scale,0.4715969410931008,0.482,73.52481889724731
SIFT,500,4,1500,0.3,rbf,0.1,scale,0.4713531063322334,0.479,78.34510898590088
SIFT,500,4,1500,0.4,rbf,1.0,scale,0.4685113329555116,0.454,50.19956111907959
SIFT,500,4,1500,0.4,rbf,0.1,scale,0.46849177233801775,0.459,53.085378885269165
SIFT,500,4,500,0.3,rbf,0.1,scale,0.46240106893806354,0.458,28.70755100250244
