detector,nfeatures,upscale_factor,num_visual_words,training_subset_size,svm_kernel,svm_C,svm_gamma,mAP,test_accuracy,training_time
SIFT,500,4,1500,0.3,rbf,1.0,scale,0.4715969410931008,0.482,66.06031203269958
SIFT,1000,4,1500,0.3,rbf,1.0,scale,0.4715969410931008,0.482,68.59322905540466
SIFT,500,4,1500,0.3,rbf,0.1,scale,0.4713531063322334,0.479,70.82870602607727
SIFT,1000,4,1500,0.3,rbf,0.1,scale,0.4713531063322334,0.479,73.7306559085846
SIFT,500,4,1500,0.4,rbf,1.0,scale,0.4685113329555116,0.454,48.70714807510376
