detector,nfeatures,upscale_factor,num_visual_words,training_subset_size,svm_kernel,svm_C,svm_gamma,mAP,test_accuracy,training_time
ORB,500,4,1000,0.4,rbf,0.1,0.001,0.21288235765248711,0.2223360655737705,19.48729705810547
ORB,500,4,1000,0.4,rbf,1.0,0.001,0.2159366182293315,0.22848360655737704,16.82518720626831
ORB,500,4,1000,0.4,linear,0.1,scale,0.21732881572053814,0.22028688524590165,21.0458881855011
ORB,500,4,1000,0.4,linear,0.1,0.01,0.21732881572053814,0.22028688524590165,26.606662034988403
ORB,500,4,1000,0.4,linear,0.1,0.001,0.21732881572053814,0.22028688524590165,27.209691047668457
